{
    "first_token_avg": 0.3404486918449402,
    "total_response_avg": 51.33530901670456,
    "total_token": 38400,
    "average_token": 384.0
}