{
    "first_token_avg": 0.04183554649353027,
    "total_response_avg": 10.511817955970765,
    "total_token": 3840,
    "average_token": 384.0
}