{
    "first_token_avg": 0.8055414445698261,
    "total_response_avg": 56.24149041250348,
    "total_token": 49152,
    "average_token": 384.0
}