{
    "first_token_avg": 0.10554218292236328,
    "total_response_avg": 22.369940280914307,
    "total_token": 384,
    "average_token": 384.0
}