{
    "first_token_avg": 0.043265581130981445,
    "total_response_avg": 9.162583112716675,
    "total_token": 384,
    "average_token": 384.0
}