{
    "first_token_avg": 0.08275036811828614,
    "total_response_avg": 21.969762897491456,
    "total_token": 9600,
    "average_token": 384.0
}