{
    "first_token_avg": 0.10360301971435547,
    "total_response_avg": 22.966903810501098,
    "total_token": 19200,
    "average_token": 384.0
}