{
    "first_token_avg": 0.1835390567779541,
    "total_response_avg": 45.89438462257385,
    "total_token": 1920,
    "average_token": 384.0
}