{
    "first_token_avg": 0.20152390480041504,
    "total_response_avg": 48.54568125724793,
    "total_token": 28800,
    "average_token": 384.0
}