{
    "first_token_avg": 0.9955837279558182,
    "total_response_avg": 45.603706534951925,
    "total_token": 49152,
    "average_token": 384.0
}