{
    "first_token_avg": 0.15476784110069275,
    "total_response_avg": 19.22804495692253,
    "total_token": 6144,
    "average_token": 384.0
}