{
    "first_token_avg": 0.059415578842163086,
    "total_response_avg": 8.664006233215332,
    "total_token": 384,
    "average_token": 384.0
}