{
    "first_token_avg": 0.05929100513458252,
    "total_response_avg": 17.176838278770447,
    "total_token": 768,
    "average_token": 384.0
}