{
    "first_token_avg": 0.25934839248657227,
    "total_response_avg": 23.117981933057308,
    "total_token": 12288,
    "average_token": 384.0
}