{
    "first_token_avg": 0.07309794425964355,
    "total_response_avg": 18.072358787059784,
    "total_token": 1536,
    "average_token": 384.0
}