{
    "first_token_avg": 0.6622881852090359,
    "total_response_avg": 29.89892802387476,
    "total_token": 24576,
    "average_token": 384.0
}