{
    "first_token_avg": 0.23956230282783508,
    "total_response_avg": 10.091772228479385,
    "total_token": 3072,
    "average_token": 384.0
}