{
    "first_token_avg": 0.18855124153196812,
    "total_response_avg": 4.169379740953445,
    "total_token": 49152,
    "average_token": 384.0
}