{
    "first_token_avg": 0.0321151465177536,
    "total_response_avg": 1.721961572766304,
    "total_token": 6144,
    "average_token": 384.0
}