{
    "first_token_avg": 0.01851344108581543,
    "total_response_avg": 1.4363420009613037,
    "total_token": 384,
    "average_token": 384.0
}