{
    "first_token_avg": 0.01997089385986328,
    "total_response_avg": 1.5377508401870728,
    "total_token": 768,
    "average_token": 384.0
}