{
    "first_token_avg": 0.048812493681907654,
    "total_response_avg": 1.9458579495549202,
    "total_token": 12288,
    "average_token": 384.0
}