{
    "first_token_avg": 0.019229352474212646,
    "total_response_avg": 1.5567985773086548,
    "total_token": 1536,
    "average_token": 384.0
}