{
    "first_token_avg": 0.12538202479481697,
    "total_response_avg": 2.4794850274920464,
    "total_token": 24576,
    "average_token": 384.0
}