{
    "first_token_avg": 0.0247785747051239,
    "total_response_avg": 1.6149263083934784,
    "total_token": 3072,
    "average_token": 384.0
}