{
    "first_token_avg": 1.0931384992599487,
    "total_response_avg": 53.399237577915194,
    "total_token": 38400,
    "average_token": 384.0
}