{
    "first_token_avg": 0.04021131992340088,
    "total_response_avg": 11.459074902534486,
    "total_token": 3840,
    "average_token": 384.0
}