{
    "first_token_avg": 0.29576655477285385,
    "total_response_avg": 34.76500551588833,
    "total_token": 49152,
    "average_token": 384.0
}