{
    "first_token_avg": 0.04130959510803223,
    "total_response_avg": 10.183725357055664,
    "total_token": 384,
    "average_token": 384.0
}