{
    "first_token_avg": 0.08307390213012696,
    "total_response_avg": 27.144843425750732,
    "total_token": 9600,
    "average_token": 384.0
}