{
    "first_token_avg": 0.10357696533203126,
    "total_response_avg": 25.18297290802002,
    "total_token": 19200,
    "average_token": 384.0
}