{
    "first_token_avg": 0.2174449094136556,
    "total_response_avg": 48.820150000254316,
    "total_token": 28800,
    "average_token": 384.0
}