{
    "first_token_avg": 1.0130988899618387,
    "total_response_avg": 18.0757062882185,
    "total_token": 49152,
    "average_token": 384.0
}