{
    "first_token_avg": 0.13784438371658325,
    "total_response_avg": 7.473579794168472,
    "total_token": 6144,
    "average_token": 384.0
}