{
    "first_token_avg": 0.03743243217468262,
    "total_response_avg": 3.1239118576049805,
    "total_token": 384,
    "average_token": 384.0
}