{
    "first_token_avg": 0.03308677673339844,
    "total_response_avg": 3.2290940284729004,
    "total_token": 768,
    "average_token": 384.0
}