{
    "first_token_avg": 0.2615159973502159,
    "total_response_avg": 8.762542590498924,
    "total_token": 12288,
    "average_token": 384.0
}