{
    "first_token_avg": 0.04825252294540405,
    "total_response_avg": 3.4279289841651917,
    "total_token": 1536,
    "average_token": 384.0
}