{
    "first_token_avg": 0.6560495235025883,
    "total_response_avg": 11.272225204855204,
    "total_token": 24576,
    "average_token": 384.0
}