{
    "first_token_avg": 0.10776758193969727,
    "total_response_avg": 6.840079188346863,
    "total_token": 3072,
    "average_token": 384.0
}