{
    "first_token_avg": 1.0394433438777924,
    "total_response_avg": 30.04390861466527,
    "total_token": 49152,
    "average_token": 384.0
}