{
    "first_token_avg": 0.32298772037029266,
    "total_response_avg": 16.184140726923943,
    "total_token": 6144,
    "average_token": 384.0
}