{
    "first_token_avg": 0.04913759231567383,
    "total_response_avg": 7.672871351242065,
    "total_token": 384,
    "average_token": 384.0
}