{
    "first_token_avg": 0.06691873073577881,
    "total_response_avg": 13.755170106887817,
    "total_token": 768,
    "average_token": 384.0
}