{
    "first_token_avg": 0.2685795947909355,
    "total_response_avg": 18.415632016956806,
    "total_token": 12288,
    "average_token": 384.0
}