{
    "first_token_avg": 0.09100538492202759,
    "total_response_avg": 14.492011368274689,
    "total_token": 1536,
    "average_token": 384.0
}