{
    "first_token_avg": 0.538986150175333,
    "total_response_avg": 21.439421348273754,
    "total_token": 24576,
    "average_token": 384.0
}