{
    "first_token_avg": 0.08039218187332153,
    "total_response_avg": 8.081972748041153,
    "total_token": 3072,
    "average_token": 384.0
}