{
    "first_token_avg": 0.3230539870262146,
    "total_response_avg": 42.25127129793167,
    "total_token": 38400,
    "average_token": 384.0
}