{
    "first_token_avg": 0.040526533126831056,
    "total_response_avg": 10.477432084083556,
    "total_token": 3840,
    "average_token": 384.0
}