{
    "first_token_avg": 0.11439194679260253,
    "total_response_avg": 24.59934811592102,
    "total_token": 3840,
    "average_token": 384.0
}