{
    "first_token_avg": 0.6719452627003193,
    "total_response_avg": 45.06368984282017,
    "total_token": 49152,
    "average_token": 384.0
}