{
    "first_token_avg": 0.09184670448303223,
    "total_response_avg": 21.568849802017212,
    "total_token": 384,
    "average_token": 384.0
}