{
    "first_token_avg": 0.05013298988342285,
    "total_response_avg": 9.110499143600464,
    "total_token": 384,
    "average_token": 384.0
}