{
    "first_token_avg": 0.08158433914184571,
    "total_response_avg": 21.199942502975464,
    "total_token": 9600,
    "average_token": 384.0
}