{
    "first_token_avg": 0.10401589393615723,
    "total_response_avg": 23.001508717536925,
    "total_token": 19200,
    "average_token": 384.0
}