{
    "first_token_avg": 0.14468631744384766,
    "total_response_avg": 45.54017000198364,
    "total_token": 1920,
    "average_token": 384.0
}