{
    "first_token_avg": 0.18206679979960125,
    "total_response_avg": 26.814655764897665,
    "total_token": 28800,
    "average_token": 384.0
}