{
    "first_token_avg": 0.7936763763427734,
    "total_response_avg": 27.95310765504837,
    "total_token": 38400,
    "average_token": 384.0
}