{
    "first_token_avg": 0.08202877044677734,
    "total_response_avg": 18.08055899143219,
    "total_token": 3840,
    "average_token": 384.0
}