{
    "first_token_avg": 0.3648295272141695,
    "total_response_avg": 32.03652383200824,
    "total_token": 49152,
    "average_token": 384.0
}