{
    "first_token_avg": 0.03823041915893555,
    "total_response_avg": 8.448569774627686,
    "total_token": 384,
    "average_token": 384.0
}