{
    "first_token_avg": 0.12637076377868653,
    "total_response_avg": 19.753348655700684,
    "total_token": 9600,
    "average_token": 384.0
}