{
    "first_token_avg": 0.1433192491531372,
    "total_response_avg": 21.234887962341308,
    "total_token": 19200,
    "average_token": 384.0
}