{
    "first_token_avg": 0.21600440661112466,
    "total_response_avg": 25.170147123336793,
    "total_token": 28800,
    "average_token": 384.0
}