{
    "first_token_avg": 0.801953911781311,
    "total_response_avg": 29.417121698856352,
    "total_token": 38400,
    "average_token": 384.0
}