{
    "first_token_avg": 0.11743631362915039,
    "total_response_avg": 19.77885627746582,
    "total_token": 3840,
    "average_token": 384.0
}