{
    "first_token_avg": 0.9344675913453102,
    "total_response_avg": 33.223369400948286,
    "total_token": 49152,
    "average_token": 384.0
}