{
    "first_token_avg": 0.040191650390625,
    "total_response_avg": 9.054803609848022,
    "total_token": 384,
    "average_token": 384.0
}