{
    "first_token_avg": 0.08897540092468262,
    "total_response_avg": 20.96746220588684,
    "total_token": 9600,
    "average_token": 384.0
}