{
    "first_token_avg": 0.10134042263031005,
    "total_response_avg": 22.49162001609802,
    "total_token": 19200,
    "average_token": 384.0
}