{
    "first_token_avg": 0.20196736653645833,
    "total_response_avg": 26.07742252667745,
    "total_token": 28800,
    "average_token": 384.0
}