{
    "first_token_avg": 0.9264867639541626,
    "total_response_avg": 54.270229218006136,
    "total_token": 38400,
    "average_token": 384.0
}