{
    "first_token_avg": 0.06473984718322753,
    "total_response_avg": 21.402993392944335,
    "total_token": 3840,
    "average_token": 384.0
}