{
    "first_token_avg": 0.6305640749633312,
    "total_response_avg": 56.9038046002388,
    "total_token": 49152,
    "average_token": 384.0
}