{
    "first_token_avg": 0.03733634948730469,
    "total_response_avg": 9.818400382995605,
    "total_token": 384,
    "average_token": 384.0
}