{
    "first_token_avg": 0.08244658470153808,
    "total_response_avg": 22.968587856292725,
    "total_token": 9600,
    "average_token": 384.0
}