{
    "first_token_avg": 0.10278669834136962,
    "total_response_avg": 25.379255290031434,
    "total_token": 19200,
    "average_token": 384.0
}