{
    "first_token_avg": 0.1584954039255778,
    "total_response_avg": 49.92249132474264,
    "total_token": 28800,
    "average_token": 384.0
}