{
    "first_token_avg": 1.2264050990343094,
    "total_response_avg": 29.493129052221775,
    "total_token": 49152,
    "average_token": 384.0
}