{
    "first_token_avg": 0.345581516623497,
    "total_response_avg": 16.42988122999668,
    "total_token": 6144,
    "average_token": 384.0
}