{
    "first_token_avg": 0.05194735527038574,
    "total_response_avg": 7.759228467941284,
    "total_token": 384,
    "average_token": 384.0
}