{
    "first_token_avg": 0.04583728313446045,
    "total_response_avg": 7.622646331787109,
    "total_token": 768,
    "average_token": 384.0
}