{
    "first_token_avg": 0.4546106234192848,
    "total_response_avg": 17.849708206951618,
    "total_token": 12288,
    "average_token": 384.0
}