{
    "first_token_avg": 0.05298644304275513,
    "total_response_avg": 7.78486967086792,
    "total_token": 1536,
    "average_token": 384.0
}