{
    "first_token_avg": 0.572794247418642,
    "total_response_avg": 21.76489558070898,
    "total_token": 24576,
    "average_token": 384.0
}