{
    "first_token_avg": 0.1639656126499176,
    "total_response_avg": 14.988343387842178,
    "total_token": 3072,
    "average_token": 384.0
}