{
    "first_token_avg": 1.0185981560498476,
    "total_response_avg": 32.797718638554215,
    "total_token": 49152,
    "average_token": 384.0
}