{
    "first_token_avg": 0.1620376855134964,
    "total_response_avg": 19.977042645215988,
    "total_token": 6144,
    "average_token": 384.0
}