{
    "first_token_avg": 0.0472569465637207,
    "total_response_avg": 8.681063890457153,
    "total_token": 384,
    "average_token": 384.0
}