{
    "first_token_avg": 0.0396881103515625,
    "total_response_avg": 9.355295538902283,
    "total_token": 768,
    "average_token": 384.0
}