{
    "first_token_avg": 0.27338559925556183,
    "total_response_avg": 21.47882780432701,
    "total_token": 12288,
    "average_token": 384.0
}