{
    "first_token_avg": 0.05100250244140625,
    "total_response_avg": 9.579388737678528,
    "total_token": 1536,
    "average_token": 384.0
}