{
    "first_token_avg": 0.5441017188131809,
    "total_response_avg": 25.731216702610254,
    "total_token": 24576,
    "average_token": 384.0
}