{
    "first_token_avg": 0.11762461066246033,
    "total_response_avg": 18.562808960676193,
    "total_token": 3072,
    "average_token": 384.0
}