{
    "first_token_avg": 0.2090217113494873,
    "total_response_avg": 51.628849792480466,
    "total_token": 3840,
    "average_token": 384.0
}