{
    "first_token_avg": 0.08174872398376465,
    "total_response_avg": 24.47306537628174,
    "total_token": 384,
    "average_token": 384.0
}