{
    "first_token_avg": 0.09846000671386719,
    "total_response_avg": 26.111749029159547,
    "total_token": 1920,
    "average_token": 384.0
}