{
    "first_token_avg": 0.14491969347000122,
    "total_response_avg": 2.3864948842674494,
    "total_token": 49152,
    "average_token": 384.0
}