{
    "first_token_avg": 0.034441813826560974,
    "total_response_avg": 1.627986192703247,
    "total_token": 6144,
    "average_token": 384.0
}