{
    "first_token_avg": 0.029541015625,
    "total_response_avg": 1.5060479640960693,
    "total_token": 384,
    "average_token": 384.0
}