{
    "first_token_avg": 0.022200942039489746,
    "total_response_avg": 1.5491937398910522,
    "total_token": 768,
    "average_token": 384.0
}