{
    "first_token_avg": 0.04594071954488754,
    "total_response_avg": 1.6984918117523193,
    "total_token": 12288,
    "average_token": 384.0
}