{
    "first_token_avg": 0.021837234497070312,
    "total_response_avg": 1.5608844757080078,
    "total_token": 1536,
    "average_token": 384.0
}