{
    "first_token_avg": 0.4344487264752388,
    "total_response_avg": 2.127824153751135,
    "total_token": 24576,
    "average_token": 384.0
}