{
    "first_token_avg": 0.024719566106796265,
    "total_response_avg": 1.578527182340622,
    "total_token": 3072,
    "average_token": 384.0
}